{"lines": [[-6622.793719422016, -1000.3338898163624, -6575.281829559688, -1147.8831385642752], [-6400.2380248037425, -861.5375626043425, -6387.734895892603, -1089.1135225375642], [-6685.309363977711, -854.0350584307201, -6216.442029809999, -1022.8414023372309], [-6452.751166230526, -776.5091819699516, -6489.010240072828, -1324.1919866444086]], "pikets": [[-6844.854409686914, -901.1644845494448], [-6451.004800311914, -903.6654000767885], [-6474.761147968164, -1118.7366891392885], [-6596.041909686914, -754.8650079259096], [-6767.334390155664, -1151.247553397101], [-6329.724038593164, -758.6162667760073]], "labels": ["0", "1", "2", "3", "4", "5"]}