{"lines": [[667.9671589486857, 981.0274457429048, 662.3657571964957, 745.7489148580972], [449.5124906132658, 1051.0508180300503, 550.3377221526913, 826.976026711185], [894.8239299123915, 1115.472320534224, 852.8134167709642, 605.7021702838064], [172.24310387984946, 782.1610684474125, 1267.317146433042, 1112.6713856427382], [1104.8764956195253, 616.90590984975, 603.5510387984979, 1213.505041736227], [572.7433291614512, 530.0769282136895, 516.7293116395495, 1339.547111853086], [429.9075844806008, 692.531151919867, 1228.1073341677097, 1398.3667445742894], [732.3832790988732, 552.4844073455764, 371.0928660826028, 1084.6620367278797], [91.02277847309118, 1476.7929215358915, 362.6907634543178, 356.4189649415697]], "pikets": [[-871.2966918945312, 1085.78369140625], [-386.7755432128906, 1307.0576171875], [-148.71604919433594, 696.4536743164062], [747.508544921875, 1631.966064453125]], "labels": ["0", "1", "2", "3"]}